"","X","ranking","median","mean","sd"
"1","PPIA",47,0.0257255648603259,0.0944220800181136,0.122237299104016
"2","RPL19",57,0.0271860730459422,0.0742943670001172,0.090424217102605
"3","UBC",92,0.0301688745865367,0.0871376762724731,0.106342790538241
"4","GAPDH",1033,0.045692024600428,0.113997277385829,0.127418494813846
"5","HPRT1",6837,0.07775020266267,0.173951919987789,0.20261258343514
