"","X","ranking","median","mean","sd"
"1","PPIA",36,0.0269646448724748,0.0842302002304218,0.105436187222806
"2","UBC",75,0.032331695277995,0.0984647689884686,0.131049366945495
"3","RPL19",82,0.0329419505419369,0.106315120830679,0.143114392087955
"4","GAPDH",1069,0.0532875962937051,0.15852908722803,0.199476339598022
"5","RNA18S",10750,0.113356252183728,0.433215584621437,0.556053660579677
"6","HPRT1",12586,0.12331627333805,0.210258871720219,0.204810859491672
