"","X","ranking","median","mean","sd"
"1","UBC",77,0.022170843190722,0.0769975628302253,0.109719545344297
"2","RPL19",81,0.0223972305748827,0.0711808144505629,0.0980252945059485
"3","PPIA",106,0.0234185185853088,0.0673685426234167,0.0789841512642542
"4","GAPDH",1187,0.0369013987832897,0.109152422881544,0.134752592362468
"5","HPRT1",9411,0.0718600125617922,0.136369668437888,0.132150884843481
"6","RNA18S",10591,0.0761552063112575,0.338833243201392,0.433232902277065
